1, start, 1701254878.4233382
1, end, 1701254883.076582
2, start, 1701254895.038563
2, end, 1701254895.5974748
3, start, 1701254907.4924746
3, end, 1701254907.4943676
4, start, 1701254919.4382012
4, end, 1701254919.4399092
5, start, 1701254931.6494825
5, end, 1701254931.651572
6, start, 1701254943.595649
6, end, 1701254943.5975454
7, start, 1701254955.4725304
7, end, 1701254955.4745278
8, start, 1701254967.5398707
8, end, 1701254967.5418727
9, start, 1701254978.9782562
9, end, 1701254978.9802656
10, start, 1701254990.844011
10, end, 1701254990.965006
11, start, 1701255002.9489694
11, end, 1701255003.0749762
12, start, 1701255015.2058206
12, end, 1701255015.2078133
13, start, 1701255027.3368652
13, end, 1701255027.3388567
14, start, 1701255039.4790552
14, end, 1701255039.4810455
15, start, 1701255051.6042922
15, end, 1701255051.6061852
16, start, 1701255063.6584744
16, end, 1701255063.6604834
17, start, 1701255075.6130025
17, end, 1701255075.6160226
18, start, 1701255087.8753402
18, end, 1701255087.877631
19, start, 1701255099.8730745
19, end, 1701255099.8750572
20, start, 1701255111.8364432
20, end, 1701255111.838415



