1, start, 1701256193.493358
1, end, 1701256198.0132139
2, start, 1701256210.0858176
2, end, 1701256210.5268133
3, start, 1701256222.76064
3, end, 1701256223.2064762
1, start, 1701585546.7081876
1, end, 1701585569.8936143
2, start, 1701585581.6509852
2, end, 1701585582.3338985
3, start, 1701585594.1807244
3, end, 1701585594.6222935
4, start, 1701585606.4350393
4, end, 1701585606.4369648
5, start, 1701585618.6099217
5, end, 1701585618.6127772
6, start, 1701585630.8833814
6, end, 1701585630.8852823
7, start, 1701585642.4602444
7, end, 1701585642.4622688
8, start, 1701585654.5766225
8, end, 1701585654.5824845
9, start, 1701585666.7615833
9, end, 1701585666.7635453
10, start, 1701585678.9490874
10, end, 1701585678.9519892
11, start, 1701585691.0135021
11, end, 1701585691.015417
12, start, 1701585703.023191
12, end, 1701585703.0260303
13, start, 1701585715.0793734
13, end, 1701585715.081372
14, start, 1701585726.8543453
14, end, 1701585726.8561888
15, start, 1701585738.844212
15, end, 1701585738.8462174
16, start, 1701585750.9171953
16, end, 1701585750.9190657
17, start, 1701585763.1272929
17, end, 1701585763.1292803
18, start, 1701585775.4731925
18, end, 1701585775.4751155
19, start, 1701585787.7639844
19, end, 1701585787.7659822
20, start, 1701585800.0633516
20, end, 1701585800.0653286



1, start, 1701591477.6482873
1, end, 1701591494.962294
2, start, 1701591506.7717125
2, end, 1701591507.4461436
3, start, 1701591519.5198534
3, end, 1701591519.525859
4, start, 1701591531.2806273
4, end, 1701591531.283625
5, start, 1701591543.2879665
5, end, 1701591543.2899718
6, start, 1701591555.057423
6, end, 1701591555.0603294
7, start, 1701591566.9190698
7, end, 1701591567.030586
8, start, 1701591579.1908894
8, end, 1701591579.1928885
9, start, 1701591591.2658432
9, end, 1701591591.2678459
10, start, 1701591603.0547879
10, end, 1701591603.0597916
11, start, 1701591615.0531275
11, end, 1701591615.0551336
12, start, 1701591626.983221
12, end, 1701591627.117738
13, start, 1701591639.1045558
13, end, 1701591639.1064694
14, start, 1701591651.2124143
14, end, 1701591651.214434
15, start, 1701591663.3304496
15, end, 1701591663.3324513
1, start, 1701592261.6078823
1, end, 1701592277.9381723
2, start, 1701592290.0398738
2, end, 1701592290.4955635
3, start, 1701592302.4451792
3, end, 1701592302.9964738
4, start, 1701592315.053559
4, end, 1701592315.05556
5, start, 1701592326.8991277
5, end, 1701592326.935127
6, start, 1701592339.135295
6, end, 1701592339.136298
7, start, 1701592351.530025
7, end, 1701592351.5320244
8, start, 1701592363.500999
8, end, 1701592363.5029929
9, start, 1701592375.4246898
9, end, 1701592375.4307168
10, start, 1701592387.4542992
10, end, 1701592387.456294
11, start, 1701592399.4354217
11, end, 1701592399.4374201
12, start, 1701592411.5646436
12, end, 1701592411.5674932
13, start, 1701592423.512573
13, end, 1701592423.515574
14, start, 1701592435.6005452
14, end, 1701592435.6045518
15, start, 1701592447.8263462
15, end, 1701592447.8293474
16, start, 1701592460.142471
16, end, 1701592460.4975345
1, start, 1701647390.7543075
1, end, 1701647400.7898138
2, start, 1701647412.7802565
2, end, 1701647413.4549308
3, start, 1701647425.912575
3, end, 1701647425.915575
4, start, 1701647438.0931234
4, end, 1701647438.2212994
5, start, 1701647450.0856845
5, end, 1701647450.648284
1, start, 1701647684.4959884
1, end, 1701647689.7146862
2, start, 1701647701.5242968
2, end, 1701647701.9658566
3, start, 1701647713.2886415
3, end, 1701647713.2906432
4, start, 1701647725.0517738
4, end, 1701647725.053774
5, start, 1701647736.458627
5, end, 1701647737.0120785
6, start, 1701647748.4166634
6, end, 1701647748.4186647
7, start, 1701647759.755713
7, end, 1701647759.757714
8, start, 1701647771.0786693
8, end, 1701647771.1981905
9, start, 1701647782.6248503
9, end, 1701647782.6268504
10, start, 1701647794.377659
10, end, 1701647794.3796601
11, start, 1701647805.8770018
11, end, 1701647805.879002
12, start, 1701647817.2618482
12, end, 1701647817.26785
13, start, 1701647828.7273986
13, end, 1701647828.7299068
14, start, 1701647840.116313
14, end, 1701647840.1183133
15, start, 1701647851.854692
15, end, 1701647851.8576941
16, start, 1701647863.5120206
16, end, 1701647863.5130193
17, start, 1701647875.3027802
17, end, 1701647875.3047802
1, start, 1701651245.844946
1, end, 1701651255.066331
2, start, 1701651267.2039905
2, end, 1701651267.7560852
3, start, 1701651279.4436371
3, end, 1701651279.4456384
4, start, 1701651291.1328614
4, end, 1701651291.134797
5, start, 1701651302.783616
5, end, 1701651303.0056436
6, start, 1701651314.747203
6, end, 1701651314.9722345
7, start, 1701651327.0439167
7, end, 1701651327.0449104
8, start, 1701651338.7567375
8, end, 1701651338.761746
9, start, 1701651350.3977149
9, end, 1701651350.399717
10, start, 1701651361.9619493
10, end, 1701651361.9640832
11, start, 1701651373.7670882
11, end, 1701651373.7692912
12, start, 1701651385.45648
12, end, 1701651385.4614887
1, start, 1701657814.2100108
1, end, 1701657827.3643754
2, start, 1701657839.8475163
2, end, 1701657840.4082458
3, start, 1701657852.4190545
3, end, 1701657852.973172
4, start, 1701657864.7429235
4, end, 1701657864.7459252
5, start, 1701657876.3682373
5, end, 1701657876.373242
6, start, 1701657888.2218285
6, end, 1701657888.2248254
7, start, 1701657900.0362911
7, end, 1701657900.0413024
8, start, 1701657912.1005201
8, end, 1701657912.105531
9, start, 1701657923.6051958
9, end, 1701657923.7427073
1, start, 1701658382.4875445
1, end, 1701658388.7788942
2, start, 1701658400.6953094
2, end, 1701658401.1366804
3, start, 1701658413.2999756
3, end, 1701658413.302241
4, start, 1701658424.8144882
4, end, 1701658425.2636507
1, start, 1701660306.9289486
1, end, 1701660312.015677
2, start, 1701660324.0997899
2, end, 1701660324.5448635
3, start, 1701660336.054301
3, end, 1701660336.6107285
4, start, 1701660348.0171266
4, end, 1701660348.0191283
5, start, 1701660359.9453611
5, end, 1701660359.9473605
6, start, 1701660371.309331
6, end, 1701660371.3113327
7, start, 1701660383.1907547
7, end, 1701660383.446324
1, start, 1701660620.2011158
1, end, 1701660624.8579764
2, start, 1701660636.7766206
2, end, 1701660637.3312407
3, start, 1701660649.0140378
3, end, 1701660649.0160365
1, start, 1701660789.027292
1, end, 1701660795.2463183
2, start, 1701660807.0698092
2, end, 1701660807.510975
3, start, 1701660819.4307976
3, end, 1701660819.432797
4, start, 1701660831.1202645
4, end, 1701660831.1222649
5, start, 1701660842.6058617
5, end, 1701660842.7195144
6, start, 1701660854.506638
6, end, 1701660854.73118
1, start, 1701661916.8771815
1, end, 1701661926.6258197
2, start, 1701661939.0387928
2, end, 1701661939.5889633
3, start, 1701661951.4049785
3, end, 1701661951.406979
4, start, 1701661963.666218
4, end, 1701661963.6712348
5, start, 1701661975.5573335
5, end, 1701661975.5593386
6, start, 1701661987.3736432
6, end, 1701661987.3756404
7, start, 1701661999.6678028
7, end, 1701661999.6718056
8, start, 1701662011.2934325
8, end, 1701662011.294432
9, start, 1701662022.6499593
9, end, 1701662023.2030692
10, start, 1701662035.0617797
10, end, 1701662035.0637803
11, start, 1701662046.7540185
11, end, 1701662046.756021
12, start, 1701662058.3814604
12, end, 1701662058.3834612
13, start, 1701662070.0057251
13, end, 1701662070.0087261
14, start, 1701662081.710289
14, end, 1701662081.7122889
15, start, 1701662093.4382513
15, end, 1701662093.7603447
1, start, 1701662238.3356621
1, end, 1701662248.5177433
2, start, 1701662260.8113058
1, start, 1701662447.9391432
1, end, 1701662452.8747575
2, start, 1701662464.4531245
2, end, 1701662465.1388454
3, start, 1701662477.1917968
3, end, 1701662477.7466397
4, start, 1701662489.711487
4, end, 1701662490.1555378
5, start, 1701662502.1057699
5, end, 1701662502.1107697
6, start, 1701662513.9015808
6, end, 1701662513.9035752
7, start, 1701662525.5081227
7, end, 1701662525.510124
8, start, 1701662537.2621806
8, end, 1701662537.2681813
9, start, 1701662548.8925695
9, end, 1701662548.894571
1, start, 1701663095.9375858
1, end, 1701663101.930753
2, start, 1701663113.7099812
2, end, 1701663114.2663102
3, start, 1701663126.0711286
3, end, 1701663126.6247356
4, start, 1701663138.2687497
4, end, 1701663138.2707515
5, start, 1701663150.0516977
5, end, 1701663150.052696
6, start, 1701663161.763491
6, end, 1701663161.7674773
7, start, 1701663173.7329895
7, end, 1701663174.1090868
1, start, 1701664204.0234578
1, end, 1701664213.066066
2, start, 1701664225.168509
2, end, 1701664225.7341044
3, start, 1701664237.9636254
3, end, 1701664237.9656284
4, start, 1701664249.758055
4, end, 1701664249.760057
5, start, 1701664261.879017
5, end, 1701664261.8810186
6, start, 1701664273.466436
6, end, 1701664273.4684355
7, start, 1701664285.0738506
7, end, 1701664285.0768564
1, start, 1701664792.5772865
1, end, 1701664799.940881
2, start, 1701664810.364509
2, end, 1701664810.8095753
3, start, 1701664821.0563636
3, end, 1701664821.606581
4, start, 1701664831.806983
4, end, 1701664831.8089821
5, start, 1701664842.1118722
5, end, 1701664842.113873
6, start, 1701664852.164918
6, end, 1701664852.281528
7, start, 1701664862.407822
7, end, 1701664862.4098217
8, start, 1701664872.4270782
8, end, 1701664872.4290767
9, start, 1701664882.6602569
9, end, 1701664882.6622543
1, start, 1701665323.3163395
1, end, 1701665329.4807289
2, start, 1701665339.771217
2, end, 1701665340.2093964
3, start, 1701665350.4030886
3, end, 1701665350.843958
4, start, 1701665361.1579335
4, end, 1701665361.1599357
5, start, 1701665371.3249068
5, end, 1701665371.3269072
6, start, 1701665381.406501
6, end, 1701665381.4085028
7, start, 1701665391.3726857
7, end, 1701665391.3746867
8, start, 1701665401.4940615
8, end, 1701665401.4960625
9, start, 1701665411.8197622
9, end, 1701665411.8247616
10, start, 1701665422.0218995
10, end, 1701665422.0239005
11, start, 1701665432.1207678
11, end, 1701665432.2388268
1, start, 1701665661.7246394
1, end, 1701665672.940172
2, start, 1701665683.2026515
2, end, 1701665689.731297
3, start, 1701665699.936487
3, end, 1701665706.3714273
4, start, 1701665716.546821
4, end, 1701665719.7686186
1, start, 1701666120.7232683
1, end, 1701666131.557864
2, start, 1701666141.768312
2, end, 1701666148.207111
3, start, 1701666158.1485283
3, end, 1701666164.6765912
1, start, 1701666262.067382
1, end, 1701666273.644213
2, start, 1701666283.9164386
2, end, 1701666290.4538202
3, start, 1701666300.6414824
3, end, 1701666307.1882508
4, start, 1701666317.2453482
4, end, 1701666317.2503307
5, start, 1701666327.1821103
5, end, 1701666327.1860836
6, start, 1701666337.2823324
6, end, 1701666337.2843325
7, start, 1701666347.350888
7, end, 1701666347.3518877
8, start, 1701666357.4429896
8, end, 1701666357.4449894
9, start, 1701666367.733215
9, end, 1701666367.7352152
10, start, 1701666376.9504375
10, end, 1701666376.9534361
11, start, 1701666387.0371363
11, end, 1701666387.0391364
12, start, 1701666397.11668
12, end, 1701666397.1186793
13, start, 1701666407.2197602
13, end, 1701666407.2217715
14, start, 1701666417.3407936
14, end, 1701666417.3428
15, start, 1701666427.6329653
15, end, 1701666427.635961
16, start, 1701666437.648757
16, end, 1701666437.650757
17, start, 1701666447.7654667
17, end, 1701666447.766466
18, start, 1701666457.8840075
18, end, 1701666457.8860004
19, start, 1701666467.760159
19, end, 1701666467.7631426
20, start, 1701666477.9635637
20, end, 1701666477.966598



1, start, 1701666936.8776164
1, end, 1701666951.5028672
2, start, 1701666961.6790698
2, end, 1701666971.0896003
3, start, 1701666981.4107034
3, end, 1701666981.412705
4, start, 1701666991.445104
4, end, 1701666991.4471035
1, start, 1701667301.4785922
1, end, 1701667314.8314238
2, start, 1701667324.9911177
2, end, 1701667334.3582075
3, start, 1701667344.453024
3, end, 1701667353.7621927
1, start, 1701667420.303248
1, end, 1701667433.400104
2, start, 1701667443.824406
2, end, 1701667453.2205586
3, start, 1701667463.4002745
3, end, 1701667472.7181993
1, start, 1701667550.7551963
1, start, 1701667710.159413
1, start, 1701668602.577123
1, start, 1701668753.808339
1, start, 1701669347.2262862
1, start, 1701669843.686525
1, start, 1701670105.2784708
1, start, 1701670374.7332494
1, start, 1701670713.0156696
1, start, 1701670936.1871362
1, end, 1701670966.2745702
2, start, 1701670977.6157298
2, end, 1701670990.218469
3, start, 1701671000.9331102
3, end, 1701671013.460122
4, start, 1701671023.9977958
4, end, 1701671023.9997997
5, start, 1701671034.6666949
5, end, 1701671047.1630707
6, start, 1701671057.77736
6, end, 1701671057.7793581
7, start, 1701671068.4500449
7, end, 1701671068.4520462
8, start, 1701671079.0446954
8, end, 1701671079.0466962
9, start, 1701671089.674384
9, end, 1701671089.6783798
10, start, 1701671100.310903
10, end, 1701671112.8211544
11, start, 1701671123.2532759
11, end, 1701671123.2552776
12, start, 1701671133.8913896
12, end, 1701671133.8943887
13, start, 1701671144.4472845
13, end, 1701671144.4492853
14, start, 1701671155.1268866
14, end, 1701671155.1278853
15, start, 1701671165.6971254
15, end, 1701671165.6991053
16, start, 1701671176.4560404
16, end, 1701671176.459031
17, start, 1701671187.109777
17, end, 1701671187.1117616
18, start, 1701671197.7601354
18, end, 1701671197.7621288
19, start, 1701671208.4004257
19, end, 1701671208.4024282
20, start, 1701671219.0564995
20, end, 1701671219.0614984



1, start, 1701671410.1252956
1, end, 1701671440.8492415
2, start, 1701671452.0656948
2, end, 1701671464.8751647
3, start, 1701671475.6548493
3, end, 1701671475.659854
4, start, 1701671486.426835
4, end, 1701671486.4288352
5, start, 1701671496.9173038
5, end, 1701671496.9283037
6, start, 1701671508.0832746
6, end, 1701671520.6838474
7, start, 1701671531.770473
7, end, 1701671531.7754796
8, start, 1701671542.4932346
8, end, 1701671542.4977317
9, start, 1701671553.427533
9, end, 1701671553.4285305
10, start, 1701671564.2013206
10, end, 1701671564.2033205
11, start, 1701671574.746603
11, end, 1701671574.7496033
12, start, 1701671585.849661
12, end, 1701671585.8526592
13, start, 1701671596.7651415
13, end, 1701671596.767143
14, start, 1701671607.5130556
14, end, 1701671607.5150564
15, start, 1701671618.1576695
15, end, 1701671618.1596692
16, start, 1701671628.9316487
1, start, 1701671769.5091918
1, end, 1701671823.1126535
2, start, 1701671834.581304
2, end, 1701671847.570766
3, start, 1701671858.5435328
3, end, 1701671858.5645409
4, start, 1701671870.2572808
4, end, 1701671870.2592628
5, start, 1701671881.1453032
1, start, 1701672279.7436728
1, end, 1701672331.6839063
2, start, 1701672345.7927792
2, end, 1701672358.4122949
3, start, 1701672369.6608474
3, end, 1701672382.23469
4, start, 1701672393.3394282
4, end, 1701672406.0020704
5, start, 1701672416.8983722
1, start, 1701672955.3794887
1, start, 1701673233.611542
1, end, 1701673281.1546926
2, start, 1701673292.4579465
2, end, 1701673305.1905775
3, start, 1701673316.3270245
3, end, 1701673316.3290346
1, start, 1701673690.8541381
1, end, 1701673736.252818
2, start, 1701673747.6155972
2, end, 1701673760.2406812
3, start, 1701673771.2434175
3, end, 1701673783.8907452
1, start, 1701673991.0996516
1, end, 1701674034.3863735
2, start, 1701674045.9680114
2, end, 1701674059.0158157
3, start, 1701674069.9638934
3, end, 1701674082.5768337
4, start, 1701674093.7132378
4, end, 1701674106.2776663
5, start, 1701674117.2692196
5, end, 1701674129.8150089
6, start, 1701674140.974134
6, end, 1701674140.982141
7, start, 1701674152.063129
7, end, 1701674152.0650158
8, start, 1701674163.1833568
8, end, 1701674163.1852417
9, start, 1701674174.2823772
9, end, 1701674174.284384
10, start, 1701674185.458686
10, end, 1701674185.4626932
11, start, 1701674196.3892891
11, end, 1701674196.3922975
12, start, 1701674207.5179236
12, end, 1701674207.519942
13, start, 1701674218.549178
13, end, 1701674218.551093
14, start, 1701674229.638113
14, end, 1701674229.6401122
15, start, 1701674240.6976266
15, end, 1701674240.699616
16, start, 1701674251.5547318
16, end, 1701674251.5567274
17, start, 1701674262.5267963
17, end, 1701674275.0870795
18, start, 1701674286.2134702
18, end, 1701674286.2154691
19, start, 1701674297.2708724
19, end, 1701674297.2733972
1, start, 1701675578.2732687
1, end, 1701675663.627117
2, start, 1701675675.5247324
2, end, 1701675691.2338283
3, start, 1701675702.811434
3, end, 1701675718.4417017
4, start, 1701675730.2012606
4, end, 1701675745.9514966
5, start, 1701675757.4335854
5, end, 1701675757.4355414
6, start, 1701675768.8617005
6, end, 1701675768.8636987
7, start, 1701675780.412082
7, end, 1701675780.414084
8, start, 1701675792.117488
8, end, 1701675804.7896516
1, start, 1701676316.0971792
1, end, 1701676352.2280662
2, start, 1701676363.3561628
2, end, 1701676375.9637408
3, start, 1701676386.7360687
3, end, 1701676399.355542
4, start, 1701676410.2218955
4, end, 1701676422.8037386
5, start, 1701676433.568459
5, end, 1701676433.570975
6, start, 1701676444.4192107
6, end, 1701676444.4222095
1, start, 1701676565.7950535
1, end, 1701676594.4912312
2, start, 1701676605.58999
2, end, 1701676618.395488
3, start, 1701676629.343643
3, end, 1701676642.0129516
4, start, 1701676652.8132093
1, start, 1701676928.4594605
1, end, 1701676962.7487986
2, start, 1701676974.154616
2, end, 1701676986.7169654
3, start, 1701676997.7254372
3, end, 1701677010.4002857
4, start, 1701677021.286544
4, end, 1701677033.844617
5, start, 1701677044.7090335
5, end, 1701677057.3483765
